Man Utd,Liverpool,West Ham,Middlesbrough,Arsenal,Chelsea,Reading,Sunderland,Blackburn,Portsmouth,Man City,Aston Villa,Everton,Wigan,Newcastle,Birmingham,Bolton,Tottenham,Fulham,Derby
Man Utd,Liverpool,Arsenal,Chelsea,Aston Villa,Everton,Portsmouth,Reading,Man City,West Ham,Blackburn,Newcastle,Wigan,Birmingham,Tottenham,Fulham,Bolton,Middlesbrough,Sunderland,Derby
Man Utd,Liverpool,Everton,Newcastle,Arsenal,Man City,Chelsea,Sunderland,Blackburn,Middlesbrough,Tottenham,Portsmouth,Aston Villa,Bolton,Reading,Birmingham,Wigan,West Ham,Fulham,Derby
Man Utd,Aston Villa,Chelsea,Liverpool,Arsenal,Everton,Man City,Wigan,Tottenham,Portsmouth,Bolton,West Ham,Newcastle,Reading,Fulham,Birmingham,Blackburn,Sunderland,Middlesbrough,Derby
Man Utd,Chelsea,Liverpool,Portsmouth,Sunderland,Aston Villa,Birmingham,Blackburn,Arsenal,Everton,Man City,West Ham,Bolton,Wigan,Reading,Middlesbrough,Tottenham,Derby,Newcastle,Fulham
Man Utd,Chelsea,Liverpool,Aston Villa,Arsenal,Man City,Everton,Bolton,Portsmouth,West Ham,Newcastle,Sunderland,Blackburn,Fulham,Reading,Wigan,Birmingham,Middlesbrough,Tottenham,Derby
Man Utd,Liverpool,Arsenal,Tottenham,Aston Villa,Chelsea,Everton,Man City,Middlesbrough,Portsmouth,Blackburn,Wigan,Newcastle,West Ham,Fulham,Bolton,Reading,Birmingham,Sunderland,Derby
Man Utd,Arsenal,Portsmouth,Aston Villa,Chelsea,Everton,Man City,Sunderland,Blackburn,Newcastle,West Ham,Reading,Liverpool,Bolton,Wigan,Derby,Birmingham,Middlesbrough,Tottenham,Fulham
Arsenal,Chelsea,Liverpool,Man City,Man Utd,Blackburn,Middlesbrough,Fulham,Portsmouth,Reading,Everton,Wigan,Sunderland,Birmingham,Aston Villa,Tottenham,Newcastle,Bolton,West Ham,Derby
Liverpool,Arsenal,Blackburn,Man City,Man Utd,Portsmouth,Chelsea,West Ham,Aston Villa,Newcastle,Everton,Bolton,Tottenham,Sunderland,Fulham,Wigan,Reading,Birmingham,Middlesbrough,Derby
Man Utd,Aston Villa,Arsenal,Chelsea,Liverpool,Tottenham,Bolton,West Ham,Blackburn,Everton,Middlesbrough,Man City,Portsmouth,Fulham,Wigan,Birmingham,Newcastle,Reading,Sunderland,Derby
Arsenal,Aston Villa,Chelsea,Liverpool,Man Utd,Blackburn,Everton,Birmingham,Middlesbrough,Portsmouth,Man City,Bolton,Tottenham,Reading,West Ham,Sunderland,Newcastle,Wigan,Fulham,Derby
Man Utd,Reading,Liverpool,Newcastle,Man City,Portsmouth,Aston Villa,West Ham,Arsenal,Chelsea,Blackburn,Middlesbrough,Everton,Birmingham,Tottenham,Sunderland,Bolton,Wigan,Fulham,Derby
Arsenal,Man City,Man Utd,Chelsea,Liverpool,Aston Villa,Everton,Birmingham,West Ham,Blackburn,Newcastle,Middlesbrough,Sunderland,Fulham,Portsmouth,Bolton,Tottenham,Wigan,Reading,Derby
Chelsea,Liverpool,Man City,Newcastle,Man Utd,Arsenal,Blackburn,Portsmouth,Wigan,Aston Villa,Sunderland,Reading,Everton,Tottenham,Middlesbrough,Fulham,Bolton,Birmingham,West Ham,Derby
Man Utd,Chelsea,Arsenal,Portsmouth,Liverpool,Everton,Newcastle,Tottenham,Bolton,Wigan,Aston Villa,Reading,Man City,Sunderland,West Ham,Fulham,Birmingham,Blackburn,Middlesbrough,Derby
Man Utd,Liverpool,Chelsea,Portsmouth,Arsenal,Aston Villa,Blackburn,Newcastle,Everton,Bolton,Tottenham,Middlesbrough,West Ham,Fulham,Reading,Man City,Wigan,Sunderland,Birmingham,Derby
Man Utd,Chelsea,Everton,West Ham,Middlesbrough,Portsmouth,Arsenal,Newcastle,Liverpool,Aston Villa,Man City,Tottenham,Wigan,Birmingham,Blackburn,Sunderland,Fulham,Bolton,Reading,Derby
Man Utd,Arsenal,Chelsea,Everton,Liverpool,Blackburn,Portsmouth,Newcastle,Fulham,Man City,Aston Villa,West Ham,Bolton,Sunderland,Wigan,Middlesbrough,Birmingham,Tottenham,Reading,Derby
Man Utd,Arsenal,Liverpool,Everton,Chelsea,Portsmouth,Blackburn,Tottenham,Man City,Newcastle,Aston Villa,Birmingham,Fulham,Wigan,Reading,Middlesbrough,Bolton,West Ham,Sunderland,Derby
Man Utd,Liverpool,Portsmouth,West Ham,Arsenal,Chelsea,Everton,Wigan,Aston Villa,Blackburn,Newcastle,Bolton,Tottenham,Fulham,Reading,Birmingham,Man City,Sunderland,Middlesbrough,Derby
Man Utd,Arsenal,Chelsea,Everton,Liverpool,Aston Villa,Portsmouth,West Ham,Blackburn,Tottenham,Reading,Middlesbrough,Man City,Wigan,Newcastle,Bolton,Sunderland,Fulham,Birmingham,Derby
Man Utd,Liverpool,Arsenal,Tottenham,Chelsea,Man City,Newcastle,Bolton,Everton,Portsmouth,Wigan,Fulham,Aston Villa,West Ham,Sunderland,Middlesbrough,Birmingham,Blackburn,Reading,Derby
Man Utd,Liverpool,Arsenal,Portsmouth,Chelsea,Man City,Everton,Bolton,Aston Villa,Birmingham,Blackburn,Middlesbrough,Tottenham,Wigan,Fulham,Derby,Newcastle,Sunderland,West Ham,Reading
Man Utd,Arsenal,Liverpool,Blackburn,Chelsea,Man City,Aston Villa,Fulham,Everton,Bolton,Tottenham,Wigan,Newcastle,West Ham,Sunderland,Reading,Middlesbrough,Portsmouth,Birmingham,Derby
Chelsea,Man City,Man Utd,Liverpool,Arsenal,Aston Villa,Everton,Wigan,Blackburn,Fulham,Reading,Sunderland,Newcastle,Birmingham,Tottenham,West Ham,Portsmouth,Bolton,Middlesbrough,Derby
Man Utd,Liverpool,Arsenal,Newcastle,Chelsea,Man City,Aston Villa,Tottenham,Everton,Portsmouth,Bolton,Middlesbrough,Fulham,Birmingham,Blackburn,Wigan,West Ham,Reading,Sunderland,Derby
Man Utd,Chelsea,Arsenal,Portsmouth,Liverpool,Aston Villa,Everton,West Ham,Fulham,Reading,Man City,Wigan,Blackburn,Bolton,Sunderland,Middlesbrough,Birmingham,Derby,Newcastle,Tottenham
Man Utd,Arsenal,Everton,Portsmouth,Chelsea,Newcastle,Man City,Bolton,Liverpool,Aston Villa,Fulham,Birmingham,West Ham,Sunderland,Blackburn,Middlesbrough,Tottenham,Reading,Wigan,Derby
Man Utd,Arsenal,Man City,Newcastle,Liverpool,Everton,Tottenham,Wigan,Aston Villa,Bolton,Chelsea,Middlesbrough,West Ham,Blackburn,Sunderland,Reading,Portsmouth,Fulham,Birmingham,Derby
Man Utd,Arsenal,Everton,Portsmouth,Chelsea,Liverpool,Man City,West Ham,Aston Villa,Tottenham,Bolton,Reading,Newcastle,Wigan,Sunderland,Middlesbrough,Blackburn,Fulham,Birmingham,Derby
Man Utd,Everton,Arsenal,Tottenham,Chelsea,Man City,Portsmouth,Blackburn,Liverpool,Wigan,Newcastle,West Ham,Fulham,Aston Villa,Bolton,Birmingham,Sunderland,Reading,Middlesbrough,Derby
Man Utd,Chelsea,Liverpool,Arsenal,Portsmouth,Aston Villa,Newcastle,Tottenham,Everton,Sunderland,Wigan,Fulham,Bolton,West Ham,Blackburn,Reading,Birmingham,Middlesbrough,Man City,Derby
Man Utd,Arsenal,Chelsea,Tottenham,Liverpool,Aston Villa,Sunderland,Reading,Portsmouth,Blackburn,Man City,West Ham,Everton,Bolton,Birmingham,Middlesbrough,Fulham,Wigan,Derby,Newcastle
Man Utd,Arsenal,Liverpool,Newcastle,Chelsea,West Ham,Middlesbrough,Wigan,Aston Villa,Birmingham,Blackburn,Everton,Tottenham,Man City,Portsmouth,Bolton,Sunderland,Fulham,Reading,Derby
Man Utd,Chelsea,Everton,Newcastle,Middlesbrough,Arsenal,Man City,Aston Villa,Liverpool,Portsmouth,Blackburn,Reading,Tottenham,West Ham,Fulham,Wigan,Bolton,Sunderland,Birmingham,Derby
Man Utd,Chelsea,Liverpool,Everton,Arsenal,Man City,Wigan,Aston Villa,Newcastle,Bolton,West Ham,Fulham,Birmingham,Tottenham,Middlesbrough,Portsmouth,Blackburn,Reading,Sunderland,Derby
Man Utd,Blackburn,Chelsea,Sunderland,Arsenal,Newcastle,Tottenham,West Ham,Liverpool,Wigan,Middlesbrough,Man City,Fulham,Reading,Aston Villa,Birmingham,Everton,Portsmouth,Bolton,Derby
Man Utd,Liverpool,Man City,West Ham,Arsenal,Chelsea,Tottenham,Wigan,Aston Villa,Blackburn,Everton,Newcastle,Sunderland,Middlesbrough,Fulham,Birmingham,Portsmouth,Bolton,Reading,Derby
Man Utd,Arsenal,Liverpool,Aston Villa,Chelsea,Portsmouth,Everton,West Ham,Blackburn,Tottenham,Bolton,Middlesbrough,Man City,Wigan,Newcastle,Sunderland,Fulham,Reading,Birmingham,Derby
Aston Villa,Chelsea,Everton,Man City,Man Utd,Fulham,Arsenal,Bolton,Liverpool,Blackburn,Sunderland,Portsmouth,Tottenham,Reading,Wigan,Derby,Newcastle,Birmingham,West Ham,Middlesbrough
Chelsea,Liverpool,Arsenal,Man City,Man Utd,Aston Villa,Newcastle,Birmingham,West Ham,Blackburn,Middlesbrough,Tottenham,Everton,Sunderland,Portsmouth,Reading,Bolton,Wigan,Fulham,Derby
Man Utd,Arsenal,Chelsea,Liverpool,Aston Villa,Everton,Blackburn,Wigan,Portsmouth,Newcastle,Bolton,Birmingham,West Ham,Sunderland,Reading,Middlesbrough,Tottenham,Fulham,Man City,Derby
Arsenal,Chelsea,Man City,Portsmouth,Man Utd,Liverpool,Everton,Sunderland,Aston Villa,West Ham,Blackburn,Fulham,Newcastle,Tottenham,Bolton,Birmingham,Reading,Wigan,Middlesbrough,Derby
Man Utd,Aston Villa,Chelsea,Liverpool,Arsenal,Everton,Man City,Newcastle,Tottenham,West Ham,Sunderland,Middlesbrough,Blackburn,Bolton,Reading,Derby,Portsmouth,Wigan,Fulham,Birmingham
Man Utd,Aston Villa,Arsenal,Everton,Chelsea,Liverpool,Middlesbrough,Man City,Portsmouth,Blackburn,Bolton,Reading,Tottenham,Wigan,Newcastle,Sunderland,West Ham,Birmingham,Fulham,Derby
Man Utd,Chelsea,Liverpool,Blackburn,Arsenal,Tottenham,Wigan,West Ham,Everton,Man City,Sunderland,Portsmouth,Fulham,Aston Villa,Reading,Middlesbrough,Newcastle,Bolton,Birmingham,Derby
Chelsea,Liverpool,Portsmouth,Aston Villa,Man Utd,Everton,Newcastle,Sunderland,Arsenal,Bolton,Tottenham,Fulham,Blackburn,Middlesbrough,Man City,Wigan,West Ham,Reading,Birmingham,Derby
Man Utd,Liverpool,Chelsea,West Ham,Arsenal,Everton,Newcastle,Fulham,Man City,Portsmouth,Bolton,Wigan,Blackburn,Reading,Sunderland,Middlesbrough,Aston Villa,Tottenham,Birmingham,Derby
Man Utd,Liverpool,Portsmouth,Newcastle,Chelsea,Birmingham,Everton,Man City,Arsenal,Aston Villa,Bolton,Tottenham,West Ham,Reading,Blackburn,Wigan,Sunderland,Middlesbrough,Fulham,Derby
Chelsea,Liverpool,Man City,Portsmouth,Man Utd,Arsenal,Everton,Newcastle,Blackburn,Tottenham,Wigan,Sunderland,Aston Villa,Middlesbrough,West Ham,Fulham,Bolton,Birmingham,Reading,Derby
Chelsea,Man City,Man Utd,West Ham,Liverpool,Aston Villa,Everton,Middlesbrough,Arsenal,Fulham,Newcastle,Reading,Blackburn,Tottenham,Sunderland,Portsmouth,Bolton,Wigan,Birmingham,Derby
Man Utd,Chelsea,Arsenal,Liverpool,Aston Villa,Blackburn,Everton,Middlesbrough,Man City,Portsmouth,Wigan,Newcastle,Tottenham,Fulham,West Ham,Reading,Bolton,Birmingham,Sunderland,Derby
Arsenal,Liverpool,Aston Villa,Chelsea,Man Utd,Reading,Everton,Wigan,Man City,Sunderland,West Ham,Fulham,Tottenham,Bolton,Portsmouth,Birmingham,Blackburn,Middlesbrough,Derby,Newcastle
Man Utd,Arsenal,Chelsea,Blackburn,Liverpool,Aston Villa,Everton,Bolton,Tottenham,West Ham,Sunderland,Portsmouth,Man City,Newcastle,Reading,Wigan,Fulham,Birmingham,Middlesbrough,Derby
Man Utd,Chelsea,Liverpool,Arsenal,Aston Villa,Blackburn,Everton,West Ham,Tottenham,Sunderland,Fulham,Wigan,Man City,Newcastle,Bolton,Middlesbrough,Portsmouth,Reading,Birmingham,Derby
Man Utd,Chelsea,Liverpool,Portsmouth,Arsenal,Everton,Man City,West Ham,Sunderland,Aston Villa,Fulham,Reading,Blackburn,Middlesbrough,Wigan,Newcastle,Bolton,Tottenham,Birmingham,Derby
Arsenal,Liverpool,Chelsea,Newcastle,Man Utd,Portsmouth,Everton,Bolton,West Ham,Sunderland,Birmingham,Middlesbrough,Tottenham,Wigan,Fulham,Man City,Aston Villa,Blackburn,Reading,Derby
Man Utd,Arsenal,Liverpool,Portsmouth,Aston Villa,Reading,Chelsea,Man City,Everton,Newcastle,Tottenham,Fulham,Bolton,West Ham,Blackburn,Middlesbrough,Wigan,Sunderland,Birmingham,Derby
Arsenal,Chelsea,Liverpool,Portsmouth,Man City,Man Utd,Aston Villa,Newcastle,Reading,Middlesbrough,Everton,Fulham,Bolton,West Ham,Wigan,Sunderland,Birmingham,Tottenham,Blackburn,Derby
Man Utd,Arsenal,Liverpool,Portsmouth,Chelsea,Wigan,Everton,Sunderland,Aston Villa,Blackburn,Tottenham,West Ham,Newcastle,Bolton,Reading,Birmingham,Middlesbrough,Fulham,Man City,Derby
Man Utd,Chelsea,Arsenal,Man City,Liverpool,Everton,Bolton,Wigan,Aston Villa,Birmingham,West Ham,Blackburn,Portsmouth,Newcastle,Sunderland,Fulham,Tottenham,Middlesbrough,Reading,Derby
Man Utd,Arsenal,Aston Villa,Everton,Chelsea,Liverpool,Blackburn,Newcastle,Reading,Middlesbrough,Tottenham,Wigan,Portsmouth,Birmingham,Man City,Bolton,West Ham,Sunderland,Fulham,Derby
Man Utd,Chelsea,Bolton,Middlesbrough,Arsenal,Reading,Liverpool,Aston Villa,Blackburn,Everton,Man City,Wigan,Tottenham,Portsmouth,West Ham,Birmingham,Newcastle,Sunderland,Fulham,Derby
Man Utd,Aston Villa,Chelsea,Everton,Arsenal,Tottenham,Liverpool,Sunderland,Blackburn,Newcastle,Portsmouth,Fulham,Reading,Man City,Bolton,Wigan,West Ham,Birmingham,Middlesbrough,Derby
Man Utd,Arsenal,Liverpool,Tottenham,Aston Villa,Chelsea,Everton,Newcastle,Portsmouth,Fulham,Blackburn,Man City,Bolton,Wigan,Sunderland,Birmingham,West Ham,Reading,Middlesbrough,Derby
Man Utd,Chelsea,Arsenal,Everton,Liverpool,Tottenham,Fulham,Wigan,Man City,Aston Villa,Newcastle,Bolton,Portsmouth,Blackburn,Birmingham,Middlesbrough,West Ham,Reading,Sunderland,Derby
Man Utd,Arsenal,Aston Villa,Chelsea,Liverpool,Everton,Newcastle,West Ham,Blackburn,Bolton,Tottenham,Wigan,Reading,Sunderland,Middlesbrough,Man City,Portsmouth,Fulham,Birmingham,Derby
Man Utd,Arsenal,Chelsea,Everton,Reading,Liverpool,Man City,Newcastle,Sunderland,Aston Villa,Middlesbrough,Portsmouth,Tottenham,West Ham,Blackburn,Fulham,Bolton,Wigan,Birmingham,Derby
Man Utd,Arsenal,Man City,Aston Villa,Liverpool,West Ham,Blackburn,Bolton,Chelsea,Wigan,Newcastle,Sunderland,Everton,Tottenham,Reading,Derby,Middlesbrough,Portsmouth,Fulham,Birmingham
Man Utd,Liverpool,Portsmouth,Aston Villa,Arsenal,Chelsea,Blackburn,Everton,Newcastle,Tottenham,Man City,West Ham,Fulham,Bolton,Wigan,Birmingham,Reading,Sunderland,Middlesbrough,Derby
Man Utd,Liverpool,Chelsea,Man City,Arsenal,Aston Villa,Tottenham,West Ham,Portsmouth,Reading,Everton,Bolton,Blackburn,Newcastle,Fulham,Birmingham,Wigan,Sunderland,Middlesbrough,Derby
Man Utd,Liverpool,Arsenal,Everton,Chelsea,Tottenham,Wigan,West Ham,Portsmouth,Aston Villa,Newcastle,Birmingham,Bolton,Middlesbrough,Man City,Sunderland,Blackburn,Reading,Fulham,Derby
Man Utd,Arsenal,Chelsea,Everton,Liverpool,Aston Villa,Tottenham,Middlesbrough,Blackburn,Newcastle,Man City,Bolton,Wigan,Sunderland,Portsmouth,Birmingham,West Ham,Fulham,Reading,Derby
Man Utd,Chelsea,Arsenal,Newcastle,Liverpool,Everton,Portsmouth,West Ham,Birmingham,Man City,Aston Villa,Blackburn,Tottenham,Reading,Wigan,Sunderland,Bolton,Middlesbrough,Fulham,Derby
Arsenal,Liverpool,Aston Villa,West Ham,Chelsea,Man City,Man Utd,Everton,Blackburn,Middlesbrough,Tottenham,Portsmouth,Newcastle,Fulham,Sunderland,Birmingham,Bolton,Reading,Wigan,Derby
Man Utd,Arsenal,Chelsea,Blackburn,Liverpool,Newcastle,Sunderland,Aston Villa,Everton,Bolton,Tottenham,Portsmouth,Reading,Wigan,Birmingham,Man City,West Ham,Middlesbrough,Fulham,Derby
Man Utd,Arsenal,Everton,West Ham,Aston Villa,Chelsea,Reading,Middlesbrough,Liverpool,Blackburn,Man City,Newcastle,Tottenham,Fulham,Bolton,Wigan,Sunderland,Birmingham,Portsmouth,Derby
Liverpool,Aston Villa,Arsenal,Chelsea,Man Utd,Reading,Fulham,Man City,Everton,Birmingham,Blackburn,Wigan,Newcastle,Tottenham,Sunderland,Middlesbrough,Portsmouth,West Ham,Bolton,Derby
Man Utd,Aston Villa,Chelsea,Liverpool,Arsenal,West Ham,Sunderland,Portsmouth,Blackburn,Everton,Tottenham,Fulham,Man City,Wigan,Bolton,Middlesbrough,Newcastle,Reading,Birmingham,Derby
Man Utd,Aston Villa,Everton,Tottenham,Arsenal,Chelsea,Bolton,Middlesbrough,Man City,Portsmouth,West Ham,Blackburn,Fulham,Reading,Liverpool,Wigan,Newcastle,Sunderland,Birmingham,Derby
Man Utd,Aston Villa,Chelsea,West Ham,Liverpool,Everton,Newcastle,Tottenham,Arsenal,Reading,Man City,Bolton,Middlesbrough,Wigan,Sunderland,Derby,Blackburn,Portsmouth,Fulham,Birmingham
Man Utd,Arsenal,Everton,Portsmouth,Chelsea,Bolton,Liverpool,West Ham,Wigan,Aston Villa,Sunderland,Birmingham,Blackburn,Tottenham,Newcastle,Fulham,Reading,Middlesbrough,Man City,Derby
Man Utd,Arsenal,Chelsea,Blackburn,Liverpool,Bolton,Everton,Middlesbrough,Portsmouth,Fulham,Aston Villa,Birmingham,Man City,Wigan,West Ham,Sunderland,Newcastle,Tottenham,Reading,Derby
Man Utd,Liverpool,Chelsea,Man City,Arsenal,Portsmouth,Everton,West Ham,Aston Villa,Newcastle,Reading,Middlesbrough,Blackburn,Tottenham,Wigan,Sunderland,Fulham,Bolton,Birmingham,Derby
Man Utd,Arsenal,Liverpool,Everton,Aston Villa,Chelsea,Tottenham,Middlesbrough,Portsmouth,Blackburn,Man City,Wigan,Newcastle,West Ham,Sunderland,Birmingham,Fulham,Bolton,Reading,Derby
Man Utd,Arsenal,Liverpool,Aston Villa,Chelsea,Tottenham,Everton,West Ham,Blackburn,Portsmouth,Middlesbrough,Fulham,Man City,Sunderland,Reading,Wigan,Bolton,Derby,Newcastle,Birmingham
Man Utd,Arsenal,Chelsea,Liverpool,Sunderland,Portsmouth,Aston Villa,Blackburn,Everton,Bolton,Middlesbrough,Man City,Tottenham,West Ham,Fulham,Derby,Newcastle,Wigan,Reading,Birmingham
Man Utd,Chelsea,Arsenal,Everton,Liverpool,Aston Villa,West Ham,Blackburn,Man City,Portsmouth,Newcastle,Sunderland,Tottenham,Fulham,Middlesbrough,Wigan,Bolton,Reading,Birmingham,Derby
Man Utd,Arsenal,Aston Villa,Everton,Chelsea,Liverpool,Blackburn,Tottenham,Man City,Wigan,West Ham,Birmingham,Bolton,Sunderland,Middlesbrough,Fulham,Portsmouth,Derby,Newcastle,Reading
Man Utd,Liverpool,Chelsea,Everton,Arsenal,Portsmouth,Aston Villa,Blackburn,Sunderland,Middlesbrough,Birmingham,Man City,Wigan,Fulham,Bolton,West Ham,Tottenham,Derby,Newcastle,Reading
Man Utd,Liverpool,Chelsea,Tottenham,Arsenal,Newcastle,Everton,Middlesbrough,Aston Villa,West Ham,Fulham,Bolton,Portsmouth,Wigan,Reading,Birmingham,Blackburn,Sunderland,Man City,Derby
Man Utd,Arsenal,Chelsea,West Ham,Man City,Aston Villa,Blackburn,Portsmouth,Liverpool,Everton,Tottenham,Fulham,Newcastle,Reading,Bolton,Birmingham,Wigan,Sunderland,Middlesbrough,Derby
Man Utd,Liverpool,Arsenal,Everton,Chelsea,Newcastle,Blackburn,Tottenham,Portsmouth,Reading,Man City,Aston Villa,West Ham,Middlesbrough,Sunderland,Fulham,Bolton,Wigan,Birmingham,Derby
Man Utd,Arsenal,Chelsea,Liverpool,Everton,Man City,Portsmouth,Newcastle,Wigan,Sunderland,Birmingham,Middlesbrough,Aston Villa,Blackburn,Fulham,Reading,Tottenham,Bolton,West Ham,Derby
Man Utd,Arsenal,Chelsea,Everton,Liverpool,Birmingham,Portsmouth,Blackburn,Man City,Aston Villa,Newcastle,Middlesbrough,Tottenham,West Ham,Sunderland,Fulham,Bolton,Reading,Wigan,Derby
Chelsea,Liverpool,Birmingham,Middlesbrough,Man Utd,Arsenal,Man City,Bolton,Sunderland,Portsmouth,Wigan,Aston Villa,Blackburn,Newcastle,Tottenham,Fulham,Everton,West Ham,Reading,Derby
Chelsea,Liverpool,Blackburn,Everton,Arsenal,Man City,Bolton,Wigan,Man Utd,Aston Villa,West Ham,Sunderland,Newcastle,Birmingham,Tottenham,Reading,Middlesbrough,Fulham,Portsmouth,Derby
Man Utd,Liverpool,Aston Villa,Chelsea,Arsenal,Portsmouth,Reading,Everton,Blackburn,Newcastle,Sunderland,Fulham,Tottenham,Wigan,Birmingham,Middlesbrough,Man City,West Ham,Bolton,Derby
Man Utd,Liverpool,Middlesbrough,Arsenal,Aston Villa,Everton,Chelsea,Fulham,Tottenham,Man City,Portsmouth,Newcastle,Birmingham,Blackburn,Wigan,Derby,Bolton,West Ham,Reading,Sunderland
Man Utd,Chelsea,Everton,West Ham,Liverpool,Middlesbrough,Tottenham,Portsmouth,Arsenal,Man City,Aston Villa,Reading,Blackburn,Fulham,Bolton,Sunderland,Newcastle,Birmingham,Wigan,Derby
Man Utd,Arsenal,Liverpool,Portsmouth,Aston Villa,Blackburn,Chelsea,Everton,Man City,Wigan,Newcastle,Bolton,Tottenham,Reading,West Ham,Sunderland,Birmingham,Middlesbrough,Fulham,Derby
Man Utd,Liverpool,Middlesbrough,Arsenal,Aston Villa,Blackburn,Chelsea,Man City,Everton,Portsmouth,Wigan,Newcastle,Bolton,West Ham,Fulham,Reading,Sunderland,Birmingham,Tottenham,Derby
Arsenal,Aston Villa,Chelsea,Tottenham,Man Utd,Sunderland,Liverpool,Middlesbrough,Everton,West Ham,Blackburn,Reading,Portsmouth,Wigan,Newcastle,Bolton,Fulham,Birmingham,Man City,Derby
Arsenal,Chelsea,Liverpool,Man City,Man Utd,Aston Villa,Tottenham,Reading,Everton,Portsmouth,Bolton,Middlesbrough,Newcastle,West Ham,Wigan,Birmingham,Blackburn,Sunderland,Fulham,Derby
Man Utd,Chelsea,Liverpool,Arsenal,Everton,Portsmouth,Man City,Aston Villa,Wigan,West Ham,Blackburn,Newcastle,Tottenham,Bolton,Sunderland,Middlesbrough,Fulham,Reading,Birmingham,Derby
Man Utd,Arsenal,Chelsea,Liverpool,Portsmouth,West Ham,Aston Villa,Blackburn,Everton,Sunderland,Middlesbrough,Fulham,Tottenham,Reading,Man City,Bolton,Newcastle,Wigan,Birmingham,Derby
Man Utd,Arsenal,Chelsea,Blackburn,Liverpool,Aston Villa,Tottenham,Reading,Everton,Middlesbrough,Man City,Sunderland,Portsmouth,Fulham,West Ham,Birmingham,Newcastle,Bolton,Wigan,Derby
Arsenal,Everton,Chelsea,Man City,Man Utd,Liverpool,Middlesbrough,Tottenham,Aston Villa,Blackburn,Bolton,Reading,Newcastle,Fulham,Wigan,West Ham,Sunderland,Birmingham,Portsmouth,Derby
Man Utd,Liverpool,Chelsea,Everton,Tottenham,Man City,Aston Villa,West Ham,Arsenal,Portsmouth,Blackburn,Bolton,Newcastle,Wigan,Fulham,Birmingham,Reading,Sunderland,Middlesbrough,Derby
Man Utd,Liverpool,Chelsea,Tottenham,Arsenal,Fulham,Man City,Portsmouth,Aston Villa,Blackburn,Wigan,West Ham,Everton,Newcastle,Sunderland,Middlesbrough,Bolton,Reading,Birmingham,Derby
Arsenal,Chelsea,Portsmouth,West Ham,Man Utd,Everton,Newcastle,Bolton,Liverpool,Blackburn,Sunderland,Aston Villa,Reading,Man City,Middlesbrough,Wigan,Birmingham,Tottenham,Fulham,Derby
Man Utd,Aston Villa,Arsenal,Chelsea,Liverpool,Fulham,Everton,Man City,Blackburn,Portsmouth,Newcastle,Bolton,West Ham,Reading,Sunderland,Middlesbrough,Tottenham,Wigan,Birmingham,Derby
Man Utd,Arsenal,Chelsea,Blackburn,Liverpool,Everton,Portsmouth,Bolton,Man City,Aston Villa,Middlesbrough,Tottenham,Wigan,West Ham,Sunderland,Reading,Newcastle,Fulham,Birmingham,Derby
Man Utd,Chelsea,Liverpool,Aston Villa,Arsenal,West Ham,Blackburn,Reading,Everton,Newcastle,Tottenham,Portsmouth,Middlesbrough,Fulham,Man City,Wigan,Bolton,Birmingham,Sunderland,Derby
Man Utd,Liverpool,Arsenal,Portsmouth,Aston Villa,Chelsea,Blackburn,Tottenham,Everton,Newcastle,Fulham,Reading,Man City,Bolton,West Ham,Middlesbrough,Wigan,Sunderland,Birmingham,Derby
Man Utd,Liverpool,Aston Villa,West Ham,Arsenal,Chelsea,Sunderland,Fulham,Blackburn,Middlesbrough,Everton,Portsmouth,Man City,Newcastle,Birmingham,Tottenham,Bolton,Reading,Wigan,Derby
Man Utd,Arsenal,Liverpool,Portsmouth,Chelsea,Blackburn,Everton,Man City,Aston Villa,Newcastle,Middlesbrough,Fulham,Bolton,West Ham,Reading,Wigan,Sunderland,Birmingham,Tottenham,Derby
Man Utd,Chelsea,Liverpool,Bolton,Arsenal,Newcastle,Wigan,Aston Villa,Blackburn,Man City,Everton,Sunderland,Tottenham,Portsmouth,West Ham,Reading,Middlesbrough,Fulham,Birmingham,Derby
Man Utd,Liverpool,Arsenal,Portsmouth,Chelsea,Blackburn,Everton,Middlesbrough,Aston Villa,Reading,Tottenham,Wigan,Man City,Newcastle,Bolton,Sunderland,West Ham,Birmingham,Fulham,Derby
Man Utd,Chelsea,Arsenal,Man City,Liverpool,Aston Villa,Tottenham,Wigan,Blackburn,Everton,Bolton,Sunderland,West Ham,Middlesbrough,Portsmouth,Birmingham,Newcastle,Reading,Fulham,Derby
Chelsea,Man City,Liverpool,Portsmouth,Man Utd,Arsenal,Blackburn,Everton,Aston Villa,Newcastle,Tottenham,West Ham,Reading,Middlesbrough,Fulham,Birmingham,Bolton,Wigan,Sunderland,Derby
Chelsea,Liverpool,Arsenal,Portsmouth,Everton,Man City,Man Utd,Middlesbrough,Aston Villa,Blackburn,Newcastle,Reading,Tottenham,West Ham,Sunderland,Fulham,Bolton,Wigan,Birmingham,Derby
Man Utd,Liverpool,Arsenal,Blackburn,Aston Villa,West Ham,Chelsea,Reading,Everton,Birmingham,Newcastle,Tottenham,Man City,Portsmouth,Sunderland,Fulham,Bolton,Middlesbrough,Wigan,Derby
Man Utd,Arsenal,Chelsea,Sunderland,Everton,Tottenham,West Ham,Middlesbrough,Reading,Man City,Liverpool,Portsmouth,Wigan,Aston Villa,Newcastle,Birmingham,Blackburn,Fulham,Bolton,Derby
Man Utd,Liverpool,Aston Villa,Tottenham,Arsenal,West Ham,Fulham,Reading,Chelsea,Blackburn,Newcastle,Sunderland,Everton,Man City,Bolton,Wigan,Portsmouth,Birmingham,Middlesbrough,Derby
Man Utd,Liverpool,Arsenal,Blackburn,Aston Villa,Chelsea,Everton,Tottenham,Man City,Portsmouth,Wigan,Newcastle,Fulham,Bolton,West Ham,Reading,Sunderland,Birmingham,Middlesbrough,Derby
Man Utd,Chelsea,Liverpool,Portsmouth,Arsenal,Aston Villa,Blackburn,Everton,Newcastle,Bolton,Reading,Wigan,Man City,Sunderland,Middlesbrough,Tottenham,West Ham,Fulham,Birmingham,Derby
Man Utd,Chelsea,Liverpool,Everton,Arsenal,Man City,Aston Villa,Tottenham,Portsmouth,Blackburn,Bolton,Wigan,Sunderland,Birmingham,Middlesbrough,Fulham,Newcastle,Reading,West Ham,Derby
Arsenal,Chelsea,Liverpool,Man City,Everton,Portsmouth,West Ham,Blackburn,Man Utd,Aston Villa,Newcastle,Fulham,Bolton,Reading,Middlesbrough,Wigan,Tottenham,Sunderland,Birmingham,Derby
Man Utd,Liverpool,Arsenal,Everton,Aston Villa,Newcastle,Wigan,Fulham,Chelsea,West Ham,Blackburn,Middlesbrough,Portsmouth,Birmingham,Man City,Bolton,Tottenham,Sunderland,Reading,Derby
Man Utd,Arsenal,Chelsea,Man City,Liverpool,Birmingham,Middlesbrough,Portsmouth,Aston Villa,Bolton,Tottenham,Reading,Everton,Sunderland,Fulham,Wigan,West Ham,Blackburn,Derby,Newcastle
Arsenal,Chelsea,Liverpool,Portsmouth,Blackburn,Man City,Man Utd,Tottenham,Aston Villa,Birmingham,West Ham,Middlesbrough,Everton,Fulham,Reading,Sunderland,Bolton,Derby,Wigan,Newcastle
Man Utd,Arsenal,Chelsea,Tottenham,Everton,West Ham,Blackburn,Portsmouth,Aston Villa,Newcastle,Sunderland,Middlesbrough,Liverpool,Wigan,Fulham,Birmingham,Bolton,Reading,Man City,Derby
Man Utd,Liverpool,Arsenal,Portsmouth,Aston Villa,Chelsea,Everton,West Ham,Blackburn,Bolton,Middlesbrough,Man City,Newcastle,Tottenham,Fulham,Wigan,Reading,Birmingham,Sunderland,Derby
Man Utd,Arsenal,Aston Villa,Birmingham,Chelsea,Liverpool,Blackburn,Man City,Everton,Reading,Tottenham,Middlesbrough,Portsmouth,Fulham,Bolton,Wigan,Newcastle,Sunderland,West Ham,Derby
Man Utd,Arsenal,Liverpool,Everton,Portsmouth,Blackburn,Newcastle,Bolton,Chelsea,Fulham,Man City,West Ham,Sunderland,Aston Villa,Birmingham,Tottenham,Reading,Wigan,Middlesbrough,Derby
Man Utd,Chelsea,Arsenal,Everton,Liverpool,Bolton,Man City,Tottenham,Blackburn,Wigan,Aston Villa,Reading,Portsmouth,Newcastle,Birmingham,Middlesbrough,West Ham,Sunderland,Fulham,Derby
Arsenal,Everton,Chelsea,Newcastle,Man Utd,Tottenham,Liverpool,Portsmouth,Aston Villa,West Ham,Blackburn,Sunderland,Bolton,Middlesbrough,Man City,Wigan,Fulham,Birmingham,Reading,Derby
Arsenal,Chelsea,Liverpool,Portsmouth,Man Utd,Aston Villa,Everton,Middlesbrough,Blackburn,Tottenham,Man City,Bolton,Wigan,West Ham,Sunderland,Birmingham,Newcastle,Fulham,Reading,Derby
Man Utd,Chelsea,Liverpool,Fulham,Arsenal,Everton,Bolton,Sunderland,Blackburn,Middlesbrough,Man City,Tottenham,Portsmouth,Reading,Aston Villa,Birmingham,Wigan,Derby,Newcastle,West Ham
Man Utd,Arsenal,Aston Villa,Chelsea,Liverpool,Fulham,Portsmouth,Bolton,Everton,Tottenham,Man City,Newcastle,Blackburn,Reading,Wigan,Sunderland,West Ham,Birmingham,Middlesbrough,Derby
Chelsea,Liverpool,Everton,Portsmouth,Arsenal,Aston Villa,West Ham,Blackburn,Man Utd,Reading,Tottenham,Wigan,Man City,Newcastle,Bolton,Sunderland,Birmingham,Middlesbrough,Fulham,Derby
Chelsea,Man City,Man Utd,Blackburn,Arsenal,Everton,Middlesbrough,Portsmouth,Liverpool,Newcastle,Sunderland,Aston Villa,Tottenham,Fulham,Bolton,Reading,Wigan,West Ham,Birmingham,Derby
Man Utd,Everton,Chelsea,West Ham,Arsenal,Blackburn,Tottenham,Portsmouth,Liverpool,Wigan,Sunderland,Aston Villa,Fulham,Reading,Man City,Bolton,Newcastle,Middlesbrough,Birmingham,Derby
Arsenal,Aston Villa,Portsmouth,Blackburn,Chelsea,Liverpool,Man City,Newcastle,Man Utd,Everton,Fulham,Wigan,Tottenham,Bolton,West Ham,Reading,Sunderland,Birmingham,Middlesbrough,Derby
Arsenal,Liverpool,Man City,Aston Villa,Man Utd,Chelsea,Everton,West Ham,Blackburn,Portsmouth,Newcastle,Fulham,Birmingham,Tottenham,Reading,Middlesbrough,Bolton,Wigan,Sunderland,Derby
Man Utd,Aston Villa,Chelsea,Liverpool,Arsenal,Blackburn,Everton,Wigan,Tottenham,Fulham,Man City,West Ham,Portsmouth,Newcastle,Bolton,Reading,Sunderland,Middlesbrough,Birmingham,Derby
Arsenal,Chelsea,Liverpool,Newcastle,Everton,Reading,Man City,Sunderland,Man Utd,Birmingham,Middlesbrough,Wigan,West Ham,Fulham,Aston Villa,Blackburn,Tottenham,Bolton,Portsmouth,Derby
Man Utd,Arsenal,Chelsea,Everton,Liverpool,Blackburn,Tottenham,Portsmouth,Newcastle,Middlesbrough,Wigan,West Ham,Man City,Aston Villa,Fulham,Bolton,Reading,Birmingham,Sunderland,Derby
Man Utd,Arsenal,Chelsea,Portsmouth,Liverpool,Bolton,Man City,West Ham,Wigan,Aston Villa,Everton,Newcastle,Birmingham,Blackburn,Tottenham,Reading,Sunderland,Middlesbrough,Fulham,Derby
Arsenal,Portsmouth,Aston Villa,Tottenham,Man Utd,Chelsea,Newcastle,Middlesbrough,Liverpool,Everton,Fulham,Wigan,Blackburn,Man City,Bolton,West Ham,Reading,Sunderland,Birmingham,Derby
Man Utd,Arsenal,Chelsea,Portsmouth,Liverpool,Aston Villa,Everton,Newcastle,Blackburn,Tottenham,Man City,Bolton,Wigan,West Ham,Fulham,Birmingham,Reading,Middlesbrough,Sunderland,Derby
Man Utd,Arsenal,Liverpool,Everton,Chelsea,Blackburn,Middlesbrough,Man City,Portsmouth,Aston Villa,Newcastle,Fulham,Reading,Wigan,Sunderland,Birmingham,Tottenham,Bolton,West Ham,Derby
Man Utd,Arsenal,Chelsea,Blackburn,Liverpool,Tottenham,Everton,Man City,Sunderland,Aston Villa,Portsmouth,Newcastle,Wigan,West Ham,Reading,Birmingham,Middlesbrough,Fulham,Bolton,Derby
Chelsea,Blackburn,Liverpool,Portsmouth,Man Utd,Aston Villa,Newcastle,Tottenham,Arsenal,Everton,Man City,Bolton,West Ham,Middlesbrough,Sunderland,Fulham,Reading,Wigan,Birmingham,Derby
Man Utd,Arsenal,Everton,Portsmouth,Chelsea,Liverpool,Blackburn,Bolton,Reading,Man City,Aston Villa,Middlesbrough,Newcastle,Sunderland,Wigan,Birmingham,Tottenham,Fulham,West Ham,Derby
Man Utd,Arsenal,Portsmouth,Aston Villa,Chelsea,Man City,Newcastle,West Ham,Liverpool,Fulham,Bolton,Wigan,Everton,Birmingham,Blackburn,Middlesbrough,Tottenham,Sunderland,Reading,Derby
Arsenal,Liverpool,West Ham,Sunderland,Chelsea,Man City,Everton,Tottenham,Man Utd,Aston Villa,Portsmouth,Blackburn,Fulham,Reading,Bolton,Wigan,Newcastle,Middlesbrough,Birmingham,Derby
Man Utd,Chelsea,Liverpool,Everton,Arsenal,Birmingham,Man City,West Ham,Aston Villa,Bolton,Reading,Middlesbrough,Tottenham,Sunderland,Fulham,Derby,Portsmouth,Wigan,Blackburn,Newcastle
Man Utd,Arsenal,Chelsea,West Ham,Liverpool,Aston Villa,Everton,Bolton,Newcastle,Birmingham,Man City,Sunderland,Blackburn,Tottenham,Portsmouth,Reading,Middlesbrough,Wigan,Fulham,Derby
Chelsea,Liverpool,Blackburn,Everton,Man Utd,Newcastle,Aston Villa,West Ham,Tottenham,Middlesbrough,Reading,Man City,Arsenal,Wigan,Bolton,Sunderland,Portsmouth,Fulham,Birmingham,Derby
Man Utd,Chelsea,Arsenal,Bolton,Liverpool,Sunderland,Everton,Portsmouth,Aston Villa,Newcastle,Reading,Wigan,Birmingham,Tottenham,West Ham,Blackburn,Middlesbrough,Fulham,Man City,Derby
Man Utd,Chelsea,Liverpool,Tottenham,Arsenal,Aston Villa,Reading,Everton,Blackburn,Portsmouth,Man City,Newcastle,West Ham,Sunderland,Birmingham,Middlesbrough,Bolton,Wigan,Fulham,Derby
Man Utd,Arsenal,Liverpool,Man City,Portsmouth,Aston Villa,Chelsea,Reading,Blackburn,Newcastle,Everton,West Ham,Tottenham,Wigan,Fulham,Derby,Bolton,Sunderland,Birmingham,Middlesbrough
Man Utd,Arsenal,Man City,Aston Villa,Chelsea,Fulham,Liverpool,Wigan,Portsmouth,Blackburn,Newcastle,West Ham,Everton,Sunderland,Bolton,Middlesbrough,Reading,Birmingham,Tottenham,Derby
Man Utd,Aston Villa,Liverpool,Everton,Chelsea,Tottenham,Portsmouth,West Ham,Arsenal,Man City,Newcastle,Bolton,Blackburn,Sunderland,Wigan,Fulham,Reading,Birmingham,Middlesbrough,Derby
Man Utd,Liverpool,Arsenal,Aston Villa,Chelsea,Blackburn,Middlesbrough,Wigan,Everton,Portsmouth,Tottenham,West Ham,Fulham,Reading,Man City,Sunderland,Bolton,Derby,Newcastle,Birmingham
Arsenal,Everton,Liverpool,Tottenham,Chelsea,Newcastle,Birmingham,Man City,Man Utd,Wigan,Aston Villa,West Ham,Portsmouth,Fulham,Blackburn,Bolton,Reading,Middlesbrough,Sunderland,Derby
Man Utd,Chelsea,Liverpool,Aston Villa,Arsenal,Everton,West Ham,Middlesbrough,Blackburn,Sunderland,Tottenham,Reading,Man City,Newcastle,Portsmouth,Bolton,Wigan,Fulham,Birmingham,Derby
Liverpool,Arsenal,Man City,Aston Villa,Man Utd,Chelsea,Everton,Portsmouth,Blackburn,Newcastle,Tottenham,Middlesbrough,West Ham,Reading,Fulham,Birmingham,Bolton,Wigan,Sunderland,Derby
Arsenal,Aston Villa,Chelsea,West Ham,Everton,Man City,Man Utd,Portsmouth,Liverpool,Middlesbrough,Newcastle,Fulham,Blackburn,Bolton,Tottenham,Wigan,Sunderland,Birmingham,Reading,Derby
Man Utd,Arsenal,Liverpool,Fulham,Chelsea,Everton,Blackburn,Middlesbrough,Tottenham,Wigan,Sunderland,Aston Villa,Portsmouth,West Ham,Newcastle,Birmingham,Bolton,Reading,Man City,Derby
Man Utd,Arsenal,Chelsea,West Ham,Newcastle,Reading,Liverpool,Tottenham,Man City,Aston Villa,Everton,Wigan,Fulham,Birmingham,Blackburn,Bolton,Sunderland,Middlesbrough,Portsmouth,Derby
Arsenal,Chelsea,Aston Villa,Everton,Man Utd,Liverpool,Blackburn,Man City,Tottenham,West Ham,Fulham,Wigan,Portsmouth,Newcastle,Bolton,Middlesbrough,Reading,Birmingham,Sunderland,Derby
Man Utd,Chelsea,Liverpool,Portsmouth,Arsenal,Blackburn,Aston Villa,Everton,Fulham,Reading,Man City,Wigan,West Ham,Birmingham,Middlesbrough,Tottenham,Newcastle,Sunderland,Bolton,Derby
Man Utd,Sunderland,Arsenal,Fulham,Aston Villa,Chelsea,Portsmouth,West Ham,Liverpool,Man City,Blackburn,Bolton,Everton,Tottenham,Wigan,Birmingham,Reading,Derby,Newcastle,Middlesbrough
Arsenal,Chelsea,Liverpool,Man City,Man Utd,Portsmouth,Blackburn,Everton,Sunderland,Aston Villa,Tottenham,Fulham,Wigan,West Ham,Reading,Birmingham,Newcastle,Bolton,Middlesbrough,Derby
Man Utd,Chelsea,Liverpool,Tottenham,Arsenal,Wigan,Aston Villa,Everton,Blackburn,Man City,West Ham,Fulham,Sunderland,Portsmouth,Bolton,Middlesbrough,Reading,Derby,Newcastle,Birmingham
Man Utd,Liverpool,Chelsea,Blackburn,Arsenal,Everton,Portsmouth,West Ham,Sunderland,Fulham,Aston Villa,Reading,Newcastle,Middlesbrough,Man City,Tottenham,Bolton,Wigan,Birmingham,Derby
Man Utd,Chelsea,Liverpool,Blackburn,Arsenal,Man City,Aston Villa,West Ham,Everton,Fulham,Reading,Middlesbrough,Tottenham,Wigan,Sunderland,Derby,Portsmouth,Newcastle,Bolton,Birmingham
Liverpool,Arsenal,Aston Villa,Everton,Man Utd,Chelsea,Blackburn,Sunderland,Tottenham,Fulham,Man City,West Ham,Portsmouth,Newcastle,Reading,Wigan,Bolton,Middlesbrough,Birmingham,Derby
Man Utd,Arsenal,Chelsea,Everton,Liverpool,Tottenham,Aston Villa,Middlesbrough,Blackburn,Wigan,Birmingham,Man City,Sunderland,Portsmouth,Fulham,Derby,Newcastle,West Ham,Bolton,Reading
Arsenal,Chelsea,Liverpool,Man City,Man Utd,Portsmouth,Aston Villa,Everton,Tottenham,Wigan,Bolton,West Ham,Blackburn,Newcastle,Fulham,Birmingham,Reading,Sunderland,Middlesbrough,Derby
Arsenal,Man City,Man Utd,Liverpool,Aston Villa,Everton,West Ham,Middlesbrough,Chelsea,Blackburn,Portsmouth,Bolton,Wigan,Birmingham,Tottenham,Sunderland,Newcastle,Reading,Fulham,Derby
Chelsea,Man City,Man Utd,Blackburn,Arsenal,Aston Villa,Newcastle,Middlesbrough,Liverpool,Everton,Birmingham,Tottenham,Bolton,Sunderland,Portsmouth,Reading,Wigan,West Ham,Fulham,Derby
Man Utd,Liverpool,Chelsea,Blackburn,Arsenal,Aston Villa,Everton,Newcastle,Portsmouth,Wigan,West Ham,Sunderland,Middlesbrough,Tottenham,Fulham,Man City,Bolton,Birmingham,Reading,Derby
Everton,Man City,Man Utd,Middlesbrough,Chelsea,Blackburn,Portsmouth,Newcastle,Arsenal,Liverpool,Reading,Sunderland,Wigan,Aston Villa,Birmingham,Tottenham,West Ham,Fulham,Bolton,Derby
Man Utd,Liverpool,Aston Villa,Chelsea,Everton,Sunderland,Middlesbrough,Fulham,Arsenal,Tottenham,Newcastle,Reading,Blackburn,Man City,Bolton,Wigan,Portsmouth,Birmingham,West Ham,Derby
Man Utd,Arsenal,Chelsea,Everton,Aston Villa,Blackburn,Portsmouth,West Ham,Liverpool,Newcastle,Man City,Tottenham,Reading,Wigan,Sunderland,Birmingham,Middlesbrough,Fulham,Bolton,Derby
Chelsea,Liverpool,Arsenal,West Ham,Man Utd,Blackburn,Everton,Middlesbrough,Man City,Newcastle,Aston Villa,Reading,Wigan,Sunderland,Portsmouth,Birmingham,Fulham,Bolton,Tottenham,Derby
Man Utd,Liverpool,Arsenal,Man City,Chelsea,Blackburn,Tottenham,Wigan,Everton,Portsmouth,Aston Villa,West Ham,Reading,Birmingham,Sunderland,Derby,Newcastle,Bolton,Middlesbrough,Fulham
Man Utd,Liverpool,Chelsea,Everton,Arsenal,Man City,West Ham,Fulham,Blackburn,Tottenham,Reading,Middlesbrough,Portsmouth,Newcastle,Bolton,Wigan,Sunderland,Aston Villa,Birmingham,Derby
Arsenal,Aston Villa,Chelsea,West Ham,Man Utd,Everton,Sunderland,Birmingham,Liverpool,Fulham,Man City,Bolton,Portsmouth,Blackburn,Tottenham,Wigan,Newcastle,Middlesbrough,Reading,Derby
Man Utd,Arsenal,Liverpool,Man City,Aston Villa,Tottenham,Chelsea,Portsmouth,Blackburn,Newcastle,Sunderland,Fulham,Everton,Wigan,West Ham,Middlesbrough,Bolton,Reading,Birmingham,Derby
Man City,Man Utd,Arsenal,Aston Villa,Chelsea,Middlesbrough,Liverpool,Fulham,Portsmouth,Birmingham,Blackburn,Bolton,Everton,Wigan,West Ham,Sunderland,Newcastle,Tottenham,Reading,Derby
Man Utd,Arsenal,Blackburn,Everton,Chelsea,Wigan,Aston Villa,Tottenham,Liverpool,Man City,Newcastle,Sunderland,Portsmouth,Bolton,West Ham,Birmingham,Reading,Middlesbrough,Fulham,Derby
Man Utd,Liverpool,Chelsea,Man City,Arsenal,West Ham,Portsmouth,Fulham,Aston Villa,Reading,Everton,Newcastle,Blackburn,Wigan,Sunderland,Birmingham,Middlesbrough,Tottenham,Bolton,Derby
Man Utd,Aston Villa,Liverpool,Tottenham,Chelsea,Blackburn,Everton,Man City,Arsenal,Fulham,West Ham,Birmingham,Portsmouth,Bolton,Wigan,Newcastle,Reading,Sunderland,Middlesbrough,Derby
Man Utd,Aston Villa,Blackburn,Everton,Chelsea,Newcastle,Wigan,Sunderland,Arsenal,Tottenham,Fulham,Man City,Liverpool,Portsmouth,Birmingham,Middlesbrough,Bolton,West Ham,Reading,Derby
